uniprot,protein,candidate_contexts,used_contexts,DOIs,cost,sq0,sq1,sq2,sq3,type_Review,type_Study,type_CaseReport,type_LettersAndComments,type_Editorial,type_ClinicalTrial,type_MetaAnalysis,type_News,type_Conference,type_Dataset,type_Book
Q99558,MAP3K14 (NIK),47,25,12,0.17,1,15,11,9,0,0,0,0,0,0,0,0,0,0,0
Q96D53,COQ8B (ADCK4),47,21,8,0.11,4,17,5,9,0,0,0,0,0,0,0,0,0,0,0
Q9UM73,ALK,57,40,15,0.22,2,15,7,15,0,0,0,0,0,0,0,0,0,0,0
P78527,PRKDC (DNAPK),47,39,19,0.14,0,16,3,10,0,0,0,0,0,0,0,0,0,0,0
P42336,PIK3CA,47,32,15,0.28,8,72,33,36,0,0,0,0,0,0,0,0,0,0,0
Q8TDR2,STK35 (CLIK1),77,24,11,0.24,2,36,9,10,0,0,0,0,0,0,0,0,0,0,0
P23443,RPS6KB1 (p70S6K),97,42,14,0.37,0,19,5,8,0,0,0,0,0,0,0,0,0,0,0
Q15746,MYLK (smMLCK),87,22,8,0.2,1,18,5,2,0,0,0,0,0,0,0,0,0,0,0
P11801,PSKH1,57,18,9,0.29,2,43,11,19,0,0,0,0,0,0,0,0,0,0,0
Q13873,BMPR2,47,23,17,0.38,3,49,29,32,0,0,0,0,0,0,0,0,0,0,0
P57059,SIK1 (SIK),57,27,13,0.18,2,21,3,8,0,0,0,0,0,0,0,0,0,0,0
Q15418,RPS6KA1-b (RSK1~b),47,25,10,0.25,8,24,11,18,0,0,0,0,0,0,0,0,0,0,0
Q9C098,DCLK3 (DCAMKL3),77,15,9,0.16,0,11,9,9,0,0,0,0,0,0,0,0,0,0,0
Q9NZJ5,EIF2AK3 (PEK),77,32,12,0.27,3,15,22,6,0,0,0,0,0,0,0,0,0,0,0
P23677,ITPKA,47,22,9,0.22,0,37,9,9,0,0,0,0,0,0,0,0,0,0,0
Q9BRS2,RIOK1,87,19,12,0.2,2,10,5,11,0,0,0,0,0,0,0,0,0,0,0
O00141,SGK1,77,14,2,0.16,0,0,0,2,0,0,0,0,0,0,0,0,0,0,0
Q8IWU2,LMTK2 (Lmr2),137,22,15,0.56,4,31,6,8,0,0,0,0,0,0,0,0,0,0,0
P24941,CDK2,47,41,17,0.41,1,21,17,31,0,0,0,0,0,0,0,0,0,0,0
Q8IV63,VRK3,77,22,8,0.32,2,9,14,4,0,0,0,0,0,0,0,0,0,0,0
P51812,RPS6KA3-b (RSK2~b),37,22,14,0.26,1,41,15,16,0,0,0,0,0,0,0,0,0,0,0
Q9UBS0,RPS6KB2 (p70S6Kβ),47,15,13,0.33,5,56,14,16,0,0,0,0,0,0,0,0,0,0,0
Q16288,NTRK3 (TRKC),57,16,19,0.3,1,28,19,12,0,0,0,0,0,0,0,0,0,0,0
Q9BZL6,PRKD2 (PKD2),127,40,24,0.41,3,34,17,6,0,0,0,0,0,0,0,0,0,0,0
P52333,JAK3-b (JAK3~b),47,17,13,0.29,3,36,29,27,0,0,0,0,0,0,0,0,0,0,0
Q06418,TYRO3 (Sky),37,15,7,0.23,4,40,12,16,0,0,0,0,0,0,0,0,0,0,0
Q96S38,RPS6KC1 (RSKL1),87,10,13,0.27,1,29,12,8,0,0,0,0,0,0,0,0,0,0,0
O75747,PIK3C2G,47,14,8,0.24,2,59,34,34,0,0,0,0,0,0,0,0,0,0,0
P16234,PDGFRA (PDGFRα),37,17,14,0.24,2,19,16,20,0,0,0,0,0,0,0,0,0,0,0
O95835,LATS1,57,28,12,0.26,5,31,23,33,0,0,0,0,0,0,0,0,0,0,0
Q96LW2,RSKR (SgK494),47,7,12,0.27,3,35,16,17,0,0,0,0,0,0,0,0,0,0,0
O15075,DCLK1 (DCAMKL1),97,21,20,0.56,0,40,19,19,0,0,0,0,0,0,0,0,0,0,0
Q9H2K8,TAOK3 (TAO3),67,21,9,0.33,2,29,9,9,0,0,0,0,0,0,0,0,0,0,0
P28482,MAPK1 (Erk2),87,32,20,0.4,1,33,26,21,0,0,0,0,0,0,0,0,0,0,0
Q16566,CAMK4,37,17,10,0.27,3,26,17,18,0,0,0,0,0,0,0,0,0,0,0
Q15831,STK11 (Lkb1),57,15,14,0.28,3,22,18,19,0,0,0,0,0,0,0,0,0,0,0
Q13627,DYRK1A,47,26,18,0.39,3,37,20,18,0,0,0,0,0,0,0,0,0,0,0
P22607,FGFR3,67,18,17,0.32,1,31,13,23,0,0,0,0,0,0,0,0,0,0,0
Q96KB5,PBK,57,21,13,0.25,10,46,14,7,0,0,0,0,0,0,0,0,0,0,0
Q6ZS72,PEAK3,57,15,8,0.39,3,11,23,29,0,0,0,0,0,0,0,0,0,0,0
Q9H479,FN3K,57,24,12,0.42,1,37,15,16,0,0,0,0,0,0,0,0,0,0,0
Q8N165,PDIK1L (CLIK1L),57,15,7,0.24,3,19,1,9,0,0,0,0,0,0,0,0,0,0,0
P20794,MAK,67,12,16,0.3,0,35,26,17,0,0,0,0,0,0,0,0,0,0,0
P31152,MAPK4 (Erk4),47,17,16,0.32,7,40,14,11,0,0,0,0,0,0,0,0,0,0,0
Q9BVS4,RIOK2,97,22,21,0.42,7,38,12,18,0,0,0,0,0,0,0,0,0,0,0
Q9HBU6,ETNK1,57,17,10,0.25,5,33,14,20,0,0,0,0,0,0,0,0,0,0,0
Q00535,CDK5,97,39,16,0.22,0,17,5,5,0,0,0,0,0,0,0,0,0,0,0
Q86TW2,ADCK1,37,17,6,0.13,2,17,4,4,0,0,0,0,0,0,0,0,0,0,0
Q8IWQ3,BRSK2,67,24,10,0.2,3,15,8,8,0,0,0,0,0,0,0,0,0,0,0
P06239,LCK,57,15,4,0.23,0,8,14,7,0,0,0,0,0,0,0,0,0,0,0
Q9NRM7,LATS2,47,30,10,0.17,2,21,1,16,0,0,0,0,0,0,0,0,0,0,0
Q02779,MAP3K10 (MLK2),87,14,22,0.28,1,13,12,9,0,0,0,0,0,0,0,0,0,0,0
Q13188,STK3 (MST2),57,32,18,0.2,2,45,25,41,0,0,0,0,0,0,0,0,0,0,0
P36896,ACVR1B (ALK4),47,5,12,0.26,2,41,17,16,0,0,0,0,0,0,0,0,0,0,0
Q9HC98,NEK6,47,31,12,0.16,4,21,5,6,0,0,0,0,0,0,0,0,0,0,0
O95747,OXSR1 (OSR1),37,25,11,0.28,2,28,14,10,0,0,0,0,0,0,0,0,0,0,0
O14936,CASK,37,18,8,0.29,1,28,23,16,0,0,0,0,0,0,0,0,0,0,0
Q7Z7A4,PXK (Slob),37,9,6,0.15,5,42,36,44,0,0,0,0,0,0,0,0,0,0,0
P33981,TTK,25,21,14,0.16,3,36,19,20,0,0,0,0,0,0,0,0,0,0,0
O96017,CHEK2 (CHK2),67,23,16,0.36,6,35,18,19,0,0,0,0,0,0,0,0,0,0,0
P10398,ARAF,77,15,11,0.31,1,25,28,25,0,0,0,0,0,0,0,0,0,0,0
Q8TBX8,PIP4K2C,37,14,15,0.28,2,30,10,19,0,0,0,0,0,0,0,0,0,0,0
Q9P289,STK26 (MST4),37,17,12,0.27,4,44,27,19,0,0,0,0,0,0,0,0,0,0,0
P29323,EPHB2,37,14,10,0.15,3,28,23,18,0,0,0,0,0,0,0,0,0,0,0
Q92630,DYRK2,37,18,13,0.29,3,30,25,18,0,0,0,0,0,0,0,0,0,0,0
Q8NEB9,PIK3C3,67,24,16,0.35,0,20,29,14,0,0,0,0,0,0,0,0,0,0,0
Q8N752,CSNK1A1L (CK1α2),117,17,15,0.47,0,9,8,16,0,0,0,0,0,0,0,0,0,0,0
Q8WXR4,MYO3B,57,17,10,0.25,3,37,20,24,0,0,0,0,0,0,0,0,0,0,0
P41240,CSK,47,19,11,0.31,1,54,24,16,0,0,0,0,0,0,0,0,0,0,0
Q6ZN16,MAP3K15,57,24,11,0.16,4,32,13,26,0,0,0,0,0,0,0,0,0,0,0
Q04759,PRKCQ (PKCθ),107,24,22,0.29,3,21,12,16,0,0,0,0,0,0,0,0,0,0,0
P42679,MATK (CTK),57,7,12,0.21,2,24,18,14,0,0,0,0,0,0,0,0,0,0,0
Q9P0L2,MARK1,87,27,17,0.29,0,12,12,4,0,0,0,0,0,0,0,0,0,0,0
O76039,CDKL5,77,24,8,0.21,1,20,3,5,0,0,0,0,0,0,0,0,0,0,0
Q13546,RIPK1,57,38,14,0.27,0,11,2,21,0,0,0,0,0,0,0,0,0,0,0
Q99986,VRK1,87,27,11,0.22,3,21,6,6,0,0,0,0,0,0,0,0,0,0,0
O60331,PIP5K1C,47,17,5,0.12,0,10,8,17,0,0,0,0,0,0,0,0,0,0,0
Q7L7X3,TAOK1 (TAO1),57,15,3,0.27,1,3,1,2,0,0,0,0,0,0,0,0,0,0,0
O94804,STK10 (LOK),127,15,15,0.46,1,16,4,6,0,0,0,0,0,0,0,0,0,0,0
Q96Q15,SMG1,47,18,8,0.31,4,25,20,19,0,0,0,0,0,0,0,0,0,0,0
P51817,PRKX,87,20,18,0.34,10,41,14,13,0,0,0,0,0,0,0,0,0,0,0
P51956,NEK3,47,7,10,0.25,4,44,15,3,0,0,0,0,0,0,0,0,0,0,0
Q38SD2,LRRK1,87,24,20,0.4,3,20,18,10,0,0,0,0,0,0,0,0,0,0,0
Q8IVW4,CDKL3,107,12,20,0.32,2,33,9,14,0,0,0,0,0,0,0,0,0,0,0
P30530,AXL,37,18,13,0.25,3,38,14,13,0,0,0,0,0,0,0,0,0,0,0
Q9Y6R4,MAP3K4,47,17,15,0.16,4,50,17,21,0,0,0,0,0,0,0,0,0,0,0
Q96PF2,TSSK2,87,22,6,0.22,6,50,11,21,0,0,0,0,0,0,0,0,0,0,0
O00750,PIK3C2B,37,23,11,0.31,2,47,20,13,0,0,0,0,0,0,0,0,0,0,0
Q8TD19,NEK9,37,21,9,0.26,5,42,23,13,0,0,0,0,0,0,0,0,0,0,0
P31749,AKT1 (PKBα),117,30,25,0.41,4,34,15,11,0,0,0,0,0,0,0,0,0,0,0
A0A0B4J2F2,SIK1B,37,15,9,0.28,3,31,19,12,0,0,0,0,0,0,0,0,0,0,0
Q05655,PRKCD (PKCδ),157,21,12,0.58,0,8,16,11,0,0,0,0,0,0,0,0,0,0,0
Q99759,MAP3K3 (MEKK3),37,13,3,0.29,1,32,12,13,0,0,0,0,0,0,0,0,0,0,0
Q8IXL6,FAM20C,107,22,14,0.5,1,22,14,18,0,0,0,0,0,0,0,0,0,0,0
O14730,RIOK3,77,20,11,0.19,2,10,5,8,0,0,0,0,0,0,0,0,0,0,0
Q3MIX3,ADCK5,57,6,5,0.25,6,29,16,21,0,0,0,0,0,0,0,0,0,0,0
Q9UBF8,PI4KB,117,25,17,0.42,0,7,11,14,0,0,0,0,0,0,0,0,0,0,0
Q9P2K8,EIF2AK4 (GCN2),97,30,19,0.35,4,19,11,17,0,0,0,0,0,0,0,0,0,0,0
O75962,TRIO,97,22,13,0.23,1,15,16,22,0,0,0,0,0,0,0,0,0,0,0
P42356,PI4KA,47,15,10,0.32,0,29,24,31,0,0,0,0,0,0,0,0,0,0,0
Q13523,PRPF4B (PRP4),47,23,15,0.36,3,51,18,18,0,0,0,0,0,0,0,0,0,0,0
P49841,GSK3B (GSK3β),47,27,10,0.23,3,20,1,9,0,0,0,0,0,0,0,0,0,0,0
O14920,IKBKB (IKKβ),97,26,15,0.31,0,10,10,8,0,0,0,0,0,0,0,0,0,0,0
Q92918,MAP4K1 (HPK1),87,25,6,0.22,0,5,0,4,0,0,0,0,0,0,0,0,0,0,0
Q9BWU1,CDK19 (CDK11),47,8,16,0.21,4,49,20,39,0,0,0,0,0,0,0,0,0,0,0
P25098,GRK2 (BARK1),57,26,14,0.32,0,19,6,12,0,0,0,0,0,0,0,0,0,0,0
O15530,PDPK1,77,49,23,0.4,3,45,23,19,0,0,0,0,0,0,0,0,0,0,0
P49759,CLK1,57,26,12,0.39,3,26,11,13,0,0,0,0,0,0,0,0,0,0,0
Q8TDC3,BRSK1,47,18,8,0.35,5,52,17,25,0,0,0,0,0,0,0,0,0,0,0
Q96S44,TP53RK (PRPK),57,19,9,0.17,3,35,9,25,0,0,0,0,0,0,0,0,0,0,0
Q14164,IKBKE (IKKε),77,22,13,0.23,0,13,14,8,0,0,0,0,0,0,0,0,0,0,0
Q14012,CAMK1 (CaMK1α),77,16,17,0.37,5,18,9,16,0,0,0,0,0,0,0,0,0,0,0
Q5T9C9,PIP5KL1,57,8,5,0.13,1,15,8,9,0,0,0,0,0,0,0,0,0,0,0
Q9UQ88,CDK11A,107,36,12,0.21,1,11,7,8,0,0,0,0,0,0,0,0,0,0,0
P42681,TXK,45,20,10,0.2,0,35,14,21,0,0,0,0,0,0,0,0,0,0,0
Q9Y4A5,TRRAP,25,20,4,0.15,2,32,30,33,0,0,0,0,0,0,0,0,0,0,0
P35790,CHKA,67,25,14,0.18,3,26,8,8,0,0,0,0,0,0,0,0,0,0,0
Q5TCY1,TTBK1,117,20,20,0.48,2,25,9,7,0,0,0,0,0,0,0,0,0,0,0
Q16644,MAPKAPK3,37,7,9,0.22,3,43,22,14,0,0,0,0,0,0,0,0,0,0,0
Q9H3Y6,SRMS (Srm),37,15,6,0.29,1,44,18,12,0,0,0,0,0,0,0,0,0,0,0
Q99640,PKMYT1 (MYT1),37,26,11,0.29,1,46,15,22,0,0,0,0,0,0,0,0,0,0,0
P43250,GRK6,37,13,14,0.22,0,34,22,11,0,0,0,0,0,0,0,0,0,0,0
Q9Y3S1,WNK2,57,20,13,0.35,4,42,17,21,0,0,0,0,0,0,0,0,0,0,0
Q9P1W9,PIM2,37,13,13,0.17,4,35,13,9,0,0,0,0,0,0,0,0,0,0,0
O60285,NUAK1,107,21,16,0.53,3,25,17,15,0,0,0,0,0,0,0,0,0,0,0
Q8TDX7,NEK7,107,37,17,0.49,2,29,8,17,0,0,0,0,0,0,0,0,0,0,0
O75063,FAM20B,127,14,19,0.51,2,22,18,9,0,0,0,0,0,0,0,0,0,0,0
Q96QT4,TRPM7 (Chak1),37,26,14,0.26,3,35,12,17,0,0,0,0,0,0,0,0,0,0,0
Q15375,EPHA7,47,14,16,0.28,5,54,17,17,0,0,0,0,0,0,0,0,0,0,0
P0C264,SBK3 (SgK110),97,10,8,0.33,2,27,8,10,0,0,0,0,0,0,0,0,0,0,0
O00418,EEF2K,77,23,20,0.4,3,19,18,5,0,0,0,0,0,0,0,0,0,0,0
Q00532,CDKL1,77,14,17,0.3,3,38,8,11,0,0,0,0,0,0,0,0,0,0,0
Q9H093,NUAK2,37,19,9,0.19,3,38,10,13,0,0,0,0,0,0,0,0,0,0,0
P29597,TYK2-b (Tyk2~b),47,27,11,0.34,2,45,11,19,0,0,0,0,0,0,0,0,0,0,0
Q9NQU5,PAK6,37,15,12,0.26,2,29,15,11,0,0,0,0,0,0,0,0,0,0,0
Q56UN5,MAP3K19 (MEKK15),37,13,5,0.21,8,32,6,17,0,0,0,0,0,0,0,0,0,0,0
Q08345,DDR1,37,24,11,0.2,6,41,11,17,0,0,0,0,0,0,0,0,0,0,0
Q8TD08,MAPK15 (Erk7),47,27,14,0.32,3,45,27,18,0,0,0,0,0,0,0,0,0,0,0
Q9BQI3,EIF2AK1 (HRI),47,24,10,0.26,4,25,13,21,0,0,0,0,0,0,0,0,0,0,0
O94768,STK17B (DRAK2),47,14,10,0.28,4,41,11,16,0,0,0,0,0,0,0,0,0,0,0
P54753,EPHB3,47,16,9,0.21,3,37,16,28,0,0,0,0,0,0,0,0,0,0,0
Q96DU7,ITPKC,37,15,12,0.13,3,18,5,2,0,0,0,0,0,0,0,0,0,0,0
Q96C45,ULK4,57,13,9,0.29,4,42,25,14,0,0,0,0,0,0,0,0,0,0,0
P12931,SRC,47,21,20,0.34,4,50,25,32,0,0,0,0,0,0,0,0,0,0,0
O75914,PAK3,37,18,16,0.19,4,30,25,14,0,0,0,0,0,0,0,0,0,0,0
Q96RG2,PASK,77,19,11,0.36,5,29,26,14,0,0,0,0,0,0,0,0,0,0,0
Q13237,PRKG2 (PKG2),37,16,10,0.28,3,32,12,11,0,0,0,0,0,0,0,0,0,0,0
Q13555,CAMK2G (CaMK2γ),37,17,12,0.15,1,17,4,5,0,0,0,0,0,0,0,0,0,0,0
Q12851,MAP4K2 (GCK),97,18,14,0.22,0,16,11,7,0,0,0,0,0,0,0,0,0,0,0
Q12866,MERTK (Mer),67,25,12,0.24,1,18,10,12,0,0,0,0,0,0,0,0,0,0,0
P36888,FLT3,77,22,13,0.21,0,13,4,9,0,0,0,0,0,0,0,0,0,0,0
Q02750,MAP2K1 (MEK1),77,12,3,0.25,0,0,1,2,0,0,0,0,0,0,0,0,0,0,0
P05129,PRKCG (PKCγ),57,17,12,0.2,1,15,5,8,0,0,0,0,0,0,0,0,0,0,0
P57078,RIPK4 (ANKRD3),157,20,15,0.57,4,23,7,10,0,0,0,0,0,0,0,0,0,0,0
Q00537,CDK17 (PCTAIRE2),57,19,13,0.22,1,13,9,7,0,0,0,0,0,0,0,0,0,0,0
O43781,DYRK3,107,19,21,0.31,1,28,10,18,0,0,0,0,0,0,0,0,0,0,0
Q13308,PTK7 (CCK4),47,22,13,0.11,1,14,9,7,0,0,0,0,0,0,0,0,0,0,0
P54756,EPHA5,37,11,10,0.23,2,63,16,23,0,0,0,0,0,0,0,0,0,0,0
O60674,JAK2-b (JAK2~b),57,35,17,0.2,0,19,6,11,0,0,0,0,0,0,0,0,0,0,0
Q8IYT8,ULK2,47,21,7,0.16,2,8,17,7,0,0,0,0,0,0,0,0,0,0,0
Q86Y07,VRK2,57,29,9,0.16,3,12,12,4,0,0,0,0,0,0,0,0,0,0,0
P07949,RET,57,40,15,0.36,0,33,25,13,0,0,0,0,0,0,0,0,0,0,0
P36894,BMPR1A,97,22,9,0.29,1,16,11,8,0,0,0,0,0,0,0,0,0,0,0
P53778,MAPK12 (p38γ),37,11,19,0.24,3,52,23,12,0,0,0,0,0,0,0,0,0,0,0
P09769,FGR,77,22,9,0.18,1,8,10,3,0,0,0,0,0,0,0,0,0,0,0
Q9P286,PAK5,137,22,40,0.37,11,58,24,24,0,0,0,0,0,0,0,0,0,0,0
Q5TCX8,MAP3K21 (MLK4),57,8,7,0.21,4,29,23,23,0,0,0,0,0,0,0,0,0,0,0
P48730,CSNK1D (CK1δ),47,19,8,0.41,3,42,24,19,0,0,0,0,0,0,0,0,0,0,0
P53355,DAPK1,57,24,13,0.25,0,21,5,5,0,0,0,0,0,0,0,0,0,0,0
O94806,PRKD3 (PKD3),37,12,6,0.22,5,40,11,11,0,0,0,0,0,0,0,0,0,0,0
O14757,CHEK1 (CHK1),37,26,15,0.24,4,45,28,38,0,0,0,0,0,0,0,0,0,0,0
P17252,PRKCA (PKCα),57,21,14,0.26,6,55,14,22,0,0,0,0,0,0,0,0,0,0,0
Q15303,ERBB4 (HER4),37,18,14,0.22,11,41,40,21,0,0,0,0,0,0,0,0,0,0,0
Q9H0K1,SIK2 (QIK),127,21,8,0.42,1,10,3,7,0,0,0,0,0,0,0,0,0,0,0
Q9BXA6,TSSK6 (SSTK),57,11,5,0.16,4,58,8,20,0,0,0,0,0,0,0,0,0,0,0
Q13164,MAPK7 (Erk5),67,29,20,0.26,2,27,3,7,0,0,0,0,0,0,0,0,0,0,0
Q14289,PTK2B (PYK2),47,24,10,0.12,1,20,5,6,0,0,0,0,0,0,0,0,0,0,0
Q9UHH9,IP6K2,57,15,9,0.17,2,28,17,18,0,0,0,0,0,0,0,0,0,0,0
P35626,GRK3 (BARK2),97,20,20,0.26,2,25,15,13,0,0,0,0,0,0,0,0,0,0,0
Q16512,PKN1 (PRK1),47,15,12,0.35,3,51,23,22,0,0,0,0,0,0,0,0,0,0,0
Q00526,CDK3,57,12,16,0.15,4,23,13,18,0,0,0,0,0,0,0,0,0,0,0
P11309,PIM1,117,28,11,0.37,2,14,8,5,0,0,0,0,0,0,0,0,0,0,0
Q13131,PRKAA1 (AMPKα1),47,24,15,0.17,0,12,11,12,0,0,0,0,0,0,0,0,0,0,0
P23458,JAK1-b (JAK1~b),37,27,16,0.13,1,35,6,13,0,0,0,0,0,0,0,0,0,0,0
Q8NE63,HIPK4,137,18,9,0.3,1,16,5,6,0,0,0,0,0,0,0,0,0,0,0
O75460,ERN1 (IRE1),37,29,11,0.28,6,29,21,34,0,0,0,0,0,0,0,0,0,0,0
Q8NFD2,ANKK1 (SgK288),37,20,15,0.25,5,62,13,30,0,0,0,0,0,0,0,0,0,0,0
P45985,MAP2K4 (SEK1),57,13,15,0.39,1,43,32,20,0,0,0,0,0,0,0,0,0,0,0
P42684,ABL2 (Arg),67,23,14,0.2,2,12,12,8,0,0,0,0,0,0,0,0,0,0,0
Q96GX5,MASTL,85,30,21,0.27,4,40,14,19,0,0,0,0,0,0,0,0,0,0,0
Q15569,TESK1,77,22,6,0.21,2,14,13,9,0,0,0,0,0,0,0,0,0,0,0
O95819,MAP4K4 (HGK),107,30,15,0.39,2,12,11,12,0,0,0,0,0,0,0,0,0,0,0
P15735,PHKG2 (PhKγ2),87,26,19,0.22,3,24,19,14,0,0,0,0,0,0,0,0,0,0,0
Q6PHR2,ULK3,57,14,10,0.3,1,56,36,9,0,0,0,0,0,0,0,0,0,0,0
O43293,DAPK3,57,22,12,0.28,0,12,11,4,0,0,0,0,0,0,0,0,0,0,0
P78356,PIP4K2B,67,25,17,0.22,1,33,14,20,0,0,0,0,0,0,0,0,0,0,0
Q8N4C8,MINK1 (MINK),57,17,6,0.2,2,25,10,21,0,0,0,0,0,0,0,0,0,0,0
P00540,MOS,67,25,14,0.18,0,7,19,5,0,0,0,0,0,0,0,0,0,0,0
P36897,TGFBR1 (TGFβR1),57,13,19,0.19,3,44,23,22,0,0,0,0,0,0,0,0,0,0,0
P08069,IGF1R,37,19,13,0.15,1,25,5,6,0,0,0,0,0,0,0,0,0,0,0
Q15139,PRKD1 (PKD1),77,30,13,0.19,1,19,10,6,0,0,0,0,0,0,0,0,0,0,0
A2RU49,HYKK,77,14,9,0.19,4,22,1,8,0,0,0,0,0,0,0,0,0,0,0
Q00534,CDK6,57,20,13,0.18,0,16,12,18,0,0,0,0,0,0,0,0,0,0,0
P27361,MAPK3 (Erk1),67,26,17,0.25,0,22,10,7,0,0,0,0,0,0,0,0,0,0,0
Q8IZE3,SCYL3,77,20,7,0.19,2,9,1,7,0,0,0,0,0,0,0,0,0,0,0
O60229,KALRN (Trad),97,22,10,0.28,1,22,9,10,0,0,0,0,0,0,0,0,0,0,0
Q6J9G0,STYK1 (SuRTK106),137,15,31,0.49,3,43,14,22,0,0,0,0,0,0,0,0,0,0,0
P54762,EPHB1,57,15,16,0.26,3,44,21,21,0,0,0,0,0,0,0,0,0,0,0
Q8IVH8,MAP4K3 (KHS2),67,22,18,0.41,2,41,22,21,0,0,0,0,0,0,0,0,0,0,0
Q15835,GRK1 (RHOK),67,23,15,0.2,0,21,6,7,0,0,0,0,0,0,0,0,0,0,0
O00329,PIK3CD,37,20,19,0.17,0,14,7,12,0,0,0,0,0,0,0,0,0,0,0
Q9UQM7,CAMK2A (CaMK2α),77,26,14,0.22,0,24,4,10,0,0,0,0,0,0,0,0,0,0,0
Q12852,MAP3K12 (DLK),57,27,13,0.33,1,11,14,16,0,0,0,0,0,0,0,0,0,0,0
P04629,NTRK1 (TRKA),67,21,5,0.25,1,9,6,6,0,0,0,0,0,0,0,0,0,0,0
Q6IQ55,TTBK2,97,28,16,0.33,3,13,10,6,0,0,0,0,0,0,0,0,0,0,0
Q96S53,TESK2,127,21,10,0.37,3,19,10,8,0,0,0,0,0,0,0,0,0,0,0
Q6P0Q8,MAST2,47,10,6,0.1,3,16,5,6,0,0,0,0,0,0,0,0,0,0,0
P51617,IRAK1,67,21,16,0.22,5,35,16,8,0,0,0,0,0,0,0,0,0,0,0
Q504Y2,PKDCC (SgK493),47,18,9,0.1,0,19,4,8,0,0,0,0,0,0,0,0,0,0,0
Q96L96,ALPK3 (AlphaK3),37,16,15,0.13,4,24,8,14,0,0,0,0,0,0,0,0,0,0,0
P07333,CSF1R (FmS),87,19,12,0.29,1,27,7,9,0,0,0,0,0,0,0,0,0,0,0
P19525,EIF2AK2 (PKR),97,35,14,0.39,1,10,14,11,0,0,0,0,0,0,0,0,0,0,0
P46734,MAP2K3 (MKK3),107,19,20,0.27,1,31,19,6,0,0,0,0,0,0,0,0,0,0,0
Q6A1A2,PDPK2P,57,8,5,0.19,4,37,10,10,0,0,0,0,0,0,0,0,0,0,0
P06213,INSR,47,19,9,0.23,5,17,3,2,0,0,0,0,0,0,0,0,0,0,0
P22455,FGFR4,57,22,18,0.21,3,15,6,11,0,0,0,0,0,0,0,0,0,0,0
Q9BX84,TRPM6 (Chak2),37,24,9,0.16,3,11,5,10,0,0,0,0,0,0,0,0,0,0,0
Q13464,ROCK1,37,35,12,0.16,2,19,5,15,0,0,0,0,0,0,0,0,0,0,0
O15197,EPHB6,37,24,5,0.16,5,13,6,4,0,0,0,0,0,0,0,0,0,0,0
Q09013,DMPK,127,23,10,0.39,2,9,5,10,0,0,0,0,0,0,0,0,0,0,0
Q9UL54,TAOK2 (TAO2),67,24,6,0.26,2,21,8,20,0,0,0,0,0,0,0,0,0,0,0
P14616,INSRR (IRR),67,21,10,0.2,2,21,6,8,0,0,0,0,0,0,0,0,0,0,0
Q96KG9,SCYL1,77,18,15,0.18,1,11,7,10,0,0,0,0,0,0,0,0,0,0,0
P78362,SRPK2,57,28,4,0.22,1,15,8,12,0,0,0,0,0,0,0,0,0,0,0
O60307,MAST3,77,11,6,0.25,2,24,17,9,0,0,0,0,0,0,0,0,0,0,0
Q9Y6S9,RPS6KL1 (RSKL2),57,6,16,0.13,6,45,22,29,0,0,0,0,0,0,0,0,0,0,0
P29322,EPHA8,37,12,9,0.13,2,15,8,4,0,0,0,0,0,0,0,0,0,0,0
Q9UKE5,TNIK (ZC2),97,31,10,0.24,3,17,8,15,0,0,0,0,0,0,0,0,0,0,0
Q15349,RPS6KA2-b (RSK3~b),57,22,13,0.25,0,13,11,5,0,0,0,0,0,0,0,0,0,0,0
Q86Z02,HIPK1,77,19,11,0.22,3,32,15,22,0,0,0,0,0,0,0,0,0,0,0
Q02156,PRKCE (PKCε),47,14,8,0.16,0,24,4,8,0,0,0,0,0,0,0,0,0,0,0
Q7Z2Y5,NRK (ZC4),25,12,10,0.07,2,14,3,5,0,0,0,0,0,0,0,0,0,0,0
P35916,FLT4,47,20,15,0.18,8,73,28,13,0,0,0,0,0,0,0,0,0,0,0
P80192,MAP3K9 (MLK1),37,14,9,0.12,1,8,4,18,0,0,0,0,0,0,0,0,0,0,0
P49336,CDK8,87,28,24,0.3,5,40,15,20,0,0,0,0,0,0,0,0,0,0,0
Q15208,STK38 (NDR1),57,24,13,0.29,4,38,11,13,0,0,0,0,0,0,0,0,0,0,0
P07947,YES1 (Yes),77,21,8,0.17,1,11,12,5,0,0,0,0,0,0,0,0,0,0,0
Q9Y2I7,PIKFYVE,47,19,6,0.22,0,6,2,3,0,0,0,0,0,0,0,0,0,0,0
P22612,PRKACG (PKAγ),57,24,12,0.17,1,21,4,4,0,0,0,0,0,0,0,0,0,0,0
Q9Y4K4,MAP4K5 (KHS1),47,14,18,0.24,3,42,21,26,0,0,0,0,0,0,0,0,0,0,0
Q9H4B4,PLK3,57,24,14,0.24,3,27,19,8,0,0,0,0,0,0,0,0,0,0,0
Q9H4A3,WNK1,57,32,17,0.2,4,36,26,25,0,0,0,0,0,0,0,0,0,0,0
Q9BUB5,MKNK1 (MNK1),57,19,14,0.18,2,9,9,9,0,0,0,0,0,0,0,0,0,0,0
O75716,STK16 (MPSK1),37,20,10,0.14,3,15,5,5,0,0,0,0,0,0,0,0,0,0,0
Q8N2I9,STK40 (SgK495),57,15,5,0.16,0,14,9,11,0,0,0,0,0,0,0,0,0,0,0
Q99683,MAP3K5 (ASK),57,22,13,0.2,1,13,9,5,0,0,0,0,0,0,0,0,0,0,0
P00533,EGFR,67,32,11,0.27,1,12,12,9,0,0,0,0,0,0,0,0,0,0,0
P51957,NEK4,107,17,12,0.23,2,20,5,7,0,0,0,0,0,0,0,0,0,0,0
Q16816,PHKG1 (PhKγ1),77,16,13,0.19,3,17,8,8,0,0,0,0,0,0,0,0,0,0,0
P35968,KDR,57,23,8,0.19,3,18,6,8,0,0,0,0,0,0,0,0,0,0,0
Q96RU8,TRIB1 (Trb1),47,33,9,0.12,4,13,4,6,0,0,0,0,0,0,0,0,0,0,0
Q86YV5,PRAG1 (SgK223),47,25,12,0.12,0,9,3,8,0,0,0,0,0,0,0,0,0,0,0
P53667,LIMK1,117,36,14,0.54,2,52,11,9,0,0,0,0,0,0,0,0,0,0,0
Q8N5S9,CAMKK1,97,23,7,0.31,5,14,10,5,0,0,0,0,0,0,0,0,0,0,0
P45983,MAPK8 (JNK1),57,24,15,0.18,0,17,9,7,0,0,0,0,0,0,0,0,0,0,0
Q9UEW8,STK39 (STLK3),67,25,5,0.18,0,19,11,12,0,0,0,0,0,0,0,0,0,0,0
Q15131,CDK10,77,29,10,0.24,3,26,3,11,0,0,0,0,0,0,0,0,0,0,0
P57058,HUNK,77,17,4,0.2,1,8,3,2,0,0,0,0,0,0,0,0,0,0,0
P19784,CSNK2A2 (CK2α2),77,38,21,0.23,4,33,9,9,0,0,0,0,0,0,0,0,0,0,0
P21802,FGFR2,67,20,14,0.18,3,21,13,18,0,0,0,0,0,0,0,0,0,0,0
O00443,PIK3C2A,47,18,10,0.12,1,17,5,8,0,0,0,0,0,0,0,0,0,0,0
Q8NG66,NEK11,57,16,6,0.28,1,15,7,4,0,0,0,0,0,0,0,0,0,0,0
O14976,GAK,77,32,16,0.21,0,16,11,10,0,0,0,0,0,0,0,0,0,0,0
Q9Y2U5,MAP3K2 (MEKK2),57,10,11,0.19,4,45,14,19,0,0,0,0,0,0,0,0,0,0,0
Q06187,BTK,77,32,20,0.4,5,40,15,20,0,0,0,0,0,0,0,0,0,0,0
Q9NR20,DYRK4,57,16,18,0.53,1,28,14,7,0,0,0,0,0,0,0,0,0,0,0
P08581,MET,37,19,13,0.26,4,30,14,24,0,0,0,0,0,0,0,0,0,0,0
Q9UKI8,TLK1,77,28,14,0.22,0,12,5,14,0,0,0,0,0,0,0,0,0,0,0
Q58A45,PAN3,67,34,12,0.21,0,13,8,7,0,0,0,0,0,0,0,0,0,0,0
Q96SB4,SRPK1,117,23,18,0.36,0,16,11,6,0,0,0,0,0,0,0,0,0,0,0
P43403,ZAP70,57,28,12,0.31,0,17,18,21,0,0,0,0,0,0,0,0,0,0,0
P51813,BMX (Etk),57,13,4,0.28,1,6,4,27,0,0,0,0,0,0,0,0,0,0,0
Q5JZY3,EPHA10,37,15,12,0.23,2,62,18,5,0,0,0,0,0,0,0,0,0,0,0
P68400,CSNK2A1 (CK2α1),37,41,11,0.17,3,21,3,6,0,0,0,0,0,0,0,0,0,0,0
O14733,MAP2K7,57,24,16,0.24,2,15,12,8,0,0,0,0,0,0,0,0,0,0,0
O15146,MUSK,77,25,16,0.19,3,6,9,17,0,0,0,0,0,0,0,0,0,0,0
Q96L34,MARK4,57,25,14,0.34,5,30,8,7,0,0,0,0,0,0,0,0,0,0,0
Q96GD4,AURKB (AurB),77,36,16,0.22,6,22,8,17,0,0,0,0,0,0,0,0,0,0,0
P37173,TGFBR2 (TGFβR2),47,16,17,0.1,2,15,11,12,0,0,0,0,0,0,0,0,0,0,0
Q7Z695,ADCK2,47,13,7,0.09,2,16,4,10,0,0,0,0,0,0,0,0,0,0,0
O43930,PRKY,37,12,9,0.1,7,60,14,35,0,0,0,0,0,0,0,0,0,0,0
O75385,ULK1,107,27,16,0.47,2,22,28,24,0,0,0,0,0,0,0,0,0,0,0
Q8IW41,MAPKAPK5,107,24,10,0.31,0,5,7,23,0,0,0,0,0,0,0,0,0,0,0
P32298,GRK4,137,20,11,0.55,0,7,2,5,0,0,0,0,0,0,0,0,0,0,0
Q5VT25,CDC42BPA (MRCKα),47,25,8,0.41,1,38,36,41,0,0,0,0,0,0,0,0,0,0,0
Q8NB16,MLKL,127,23,15,0.42,0,8,9,5,0,0,0,0,0,0,0,0,0,0,0
Q76MJ5,ERN2 (IRE2),87,11,11,0.21,1,10,3,7,0,0,0,0,0,0,0,0,0,0,0
Q8TAS1,UHMK1 (KIS),67,16,9,0.19,4,17,12,7,0,0,0,0,0,0,0,0,0,0,0
Q9HBH9,MKNK2 (MNK2),47,19,12,0.18,2,23,15,13,0,0,0,0,0,0,0,0,0,0,0
P10721,KIT,87,27,25,0.38,3,32,18,26,0,0,0,0,0,0,0,0,0,0,0
Q13705,ACVR2B (ACtR2B),117,16,19,0.44,7,37,23,19,0,0,0,0,0,0,0,0,0,0,0
O00238,BMPR1B,47,11,11,0.34,1,51,27,17,0,0,0,0,0,0,0,0,0,0,0
P09619,PDGFRB (PDGFRβ),97,25,25,0.49,1,33,14,15,0,0,0,0,0,0,0,0,0,0,0
Q01974,ROR2,37,19,8,0.25,2,60,14,25,0,0,0,0,0,0,0,0,0,0,0
P49760,CLK2,47,16,11,0.35,10,34,15,16,0,0,0,0,0,0,0,0,0,0,0
P48736,PIK3CG,87,26,15,0.38,2,34,7,25,0,0,0,0,0,0,0,0,0,0,0
P35590,TIE1,37,20,7,0.3,4,64,26,37,0,0,0,0,0,0,0,0,0,0,0
O15021,MAST4,37,19,6,0.26,3,40,13,16,0,0,0,0,0,0,0,0,0,0,0
Q8WZ42,TTN,67,20,14,0.17,0,11,10,21,0,0,0,0,0,0,0,0,0,0,0
P49674,CSNK1E (CK1ε),25,25,6,0.08,3,18,8,9,0,0,0,0,0,0,0,0,0,0,0
P37023,ACVRL1 (ALK1),37,19,9,0.3,0,43,22,16,0,0,0,0,0,0,0,0,0,0,0
Q9UQ07,MOK,37,14,8,0.18,2,83,33,36,0,0,0,0,0,0,0,0,0,0,0
P50750,CDK9,57,26,14,0.44,4,34,25,35,0,0,0,0,0,0,0,0,0,0,0
Q496M5,PLK5,37,24,9,0.14,1,17,8,3,0,0,0,0,0,0,0,0,0,0,0
Q13470,TNK1,137,20,9,0.56,1,17,8,12,0,0,0,0,0,0,0,0,0,0,0
Q5VST9,OBSCN-b (Obscn~b),47,24,12,0.29,3,32,31,7,0,0,0,0,0,0,0,0,0,0,0
Q08881,ITK,47,17,11,0.29,4,47,22,18,0,0,0,0,0,0,0,0,0,0,0
Q16584,MAP3K11 (MLK3),87,27,11,0.24,1,9,17,10,0,0,0,0,0,0,0,0,0,0,0
Q92519,TRIB2 (Trb2),107,14,12,0.53,6,42,15,20,0,0,0,0,0,0,0,0,0,0,0
Q9UHY1,NRBP1,57,15,11,0.34,1,42,11,17,0,0,0,0,0,0,0,0,0,0,0
P24723,PRKCH (PKCη),77,25,13,0.24,1,20,10,5,0,0,0,0,0,0,0,0,0,0,0
P08631,HCK,67,30,19,0.21,2,13,8,7,0,0,0,0,0,0,0,0,0,0,0
O96013,PAK4,57,24,16,0.19,1,18,4,5,0,0,0,0,0,0,0,0,0,0,0
P48426,PIP4K2A,57,21,9,0.2,2,28,4,13,0,0,0,0,0,0,0,0,0,0,0
Q5MAI5,CDKL4,47,4,13,0.2,4,45,17,38,0,0,0,0,0,0,0,0,0,0,0
Q96RU7,TRIB3 (Trb3),117,21,14,0.49,2,28,18,9,0,0,0,0,0,0,0,0,0,0,0
Q04912,MST1R (Ron),97,25,10,0.3,3,25,7,6,0,0,0,0,0,0,0,0,0,0,0
P53671,LIMK2,97,33,17,0.26,3,36,21,10,0,0,0,0,0,0,0,0,0,0,0
Q86UX6,STK32C (YANK3),57,7,10,0.23,3,30,17,12,0,0,0,0,0,0,0,0,0,0,0
Q8N568,DCLK2 (DCAMKL2),67,8,12,0.25,2,21,12,31,0,0,0,0,0,0,0,0,0,0,0
Q9NVF9,ETNK2,57,12,8,0.18,4,32,8,13,0,0,0,0,0,0,0,0,0,0,0
Q9H2X6,HIPK2,37,21,8,0.25,4,35,12,15,0,0,0,0,0,0,0,0,0,0,0
Q13554,CAMK2B (CaMK2β),47,25,12,0.13,6,19,2,8,0,0,0,0,0,0,0,0,0,0,0
Q13315,ATM,47,39,12,0.12,0,12,12,7,0,0,0,0,0,0,0,0,0,0,0
P27448,MARK3,107,27,15,0.42,1,51,47,13,0,0,0,0,0,0,0,0,0,0,0
P07948,LYN,37,18,7,0.27,4,42,18,22,0,0,0,0,0,0,0,0,0,0,0
Q01973,ROR1,37,23,12,0.29,1,60,17,21,0,0,0,0,0,0,0,0,0,0,0
P41279,MAP3K8 (COT),157,25,22,0.52,1,26,10,13,0,0,0,0,0,0,0,0,0,0,0
Q8NI60,COQ8A (ADCK3),107,30,18,0.32,6,57,14,17,0,0,0,0,0,0,0,0,0,0,0
Q16832,DDR2,107,35,27,0.52,3,50,22,17,0,0,0,0,0,0,0,0,0,0,0
P53779,MAPK10 (JNK3),47,16,19,0.36,3,46,35,23,0,0,0,0,0,0,0,0,0,0,0
Q05397,PTK2 (FAK),107,33,24,0.55,4,39,18,10,0,0,0,0,0,0,0,0,0,0,0
Q96NX5,CAMK1G (CaMK1γ),137,17,5,0.43,3,14,6,6,0,0,0,0,0,0,0,0,0,0,0
Q00536,CDK16 (PCTAIRE1),107,18,13,0.45,1,13,9,6,0,0,0,0,0,0,0,0,0,0,0
P54760,EPHB4,77,24,15,0.21,1,15,9,9,0,0,0,0,0,0,0,0,0,0,0
Q8WU08,STK32A (YANK1),77,26,9,0.27,6,14,4,7,0,0,0,0,0,0,0,0,0,0,0
Q8NEV1,CSNK2A3,57,13,5,0.28,2,16,2,4,0,0,0,0,0,0,0,0,0,0,0
Q9BXA7,TSSK1B (TSSK1),117,19,6,0.28,3,38,3,7,0,0,0,0,0,0,0,0,0,0,0
Q04771,ACVR1 (ALK2),57,22,15,0.4,2,42,29,10,0,0,0,0,0,0,0,0,0,0,0
Q16513,PKN2 (PRK2),47,18,5,0.42,1,27,18,8,0,0,0,0,0,0,0,0,0,0,0
Q8NER5,ACVR1C (ALK7),57,12,12,0.33,2,53,22,15,0,0,0,0,0,0,0,0,0,0,0
Q13418,ILK,47,24,16,0.32,1,39,21,13,0,0,0,0,0,0,0,0,0,0,0
P49137,MAPKAPK2,107,17,16,0.5,2,21,17,9,0,0,0,0,0,0,0,0,0,0,0
Q9BXU1,STK31 (SgK396),57,10,7,0.1,2,19,2,3,0,0,0,0,0,0,0,0,0,0,0
Q52WX2,SBK1 (SBK),137,11,10,0.35,2,33,13,7,0,0,0,0,0,0,0,0,0,0,0
Q8NCB2,CAMKV (VACAMKL),47,21,6,0.11,3,21,3,6,0,0,0,0,0,0,0,0,0,0,0
P51955,NEK2,47,15,10,0.29,2,39,24,26,0,0,0,0,0,0,0,0,0,0,0
Q6P5Z2,PKN3,57,8,13,0.37,7,46,21,16,0,0,0,0,0,0,0,0,0,0,0
Q9Y463,DYRK1B,127,21,13,0.43,3,13,13,9,0,0,0,0,0,0,0,0,0,0,0
O00444,PLK4,77,30,10,0.36,0,21,14,17,0,0,0,0,0,0,0,0,0,0,0
P15056,BRAF,107,20,6,0.3,1,10,1,4,0,0,0,0,0,0,0,0,0,0,0
O00311,CDC7,87,33,12,0.32,1,19,3,8,0,0,0,0,0,0,0,0,0,0,0
Q05513,PRKCZ (PKCζ),77,17,13,0.19,2,40,18,18,0,0,0,0,0,0,0,0,0,0,0
P31751,AKT2 (PKBβ),67,23,19,0.21,0,16,7,10,0,0,0,0,0,0,0,0,0,0,0
P29317,EPHA2,97,22,18,0.28,0,15,7,4,0,0,0,0,0,0,0,0,0,0,0
Q96RR4,CAMKK2,57,20,16,0.38,6,39,15,14,0,0,0,0,0,0,0,0,0,0,0
P29320,EPHA3,47,21,10,0.11,2,17,6,5,0,0,0,0,0,0,0,0,0,0,0
Q6VAB6,KSR2,107,21,16,0.36,4,45,30,32,0,0,0,0,0,0,0,0,0,0,0
Q9UPE1,SRPK3 (MSSK1),57,8,5,0.16,1,5,2,14,0,0,0,0,0,0,0,0,0,0,0
Q9UF33,EPHA6,57,10,14,0.15,4,8,8,15,0,0,0,0,0,0,0,0,0,0,0
Q05823,RNASEL,47,20,20,0.33,2,14,17,13,0,0,0,0,0,0,0,0,0,0,0
Q9H5K3,POMK (SgK196),25,13,7,0.09,2,16,11,6,0,0,0,0,0,0,0,0,0,0,0
P42685,FRK,37,21,7,0.23,5,55,21,28,0,0,0,0,0,0,0,0,0,0,0
Q92772,CDKL2,47,7,11,0.2,5,44,4,18,0,0,0,0,0,0,0,0,0,0,0
O15111,CHUK (IKKα),45,16,12,0.27,0,31,20,31,0,0,0,0,0,0,0,0,0,0,0
P21127,CDK11B (PITSLRE),87,21,17,0.34,4,26,13,17,0,0,0,0,0,0,0,0,0,0,0
Q6XUX3,DSTYK (SgK496),57,15,11,0.23,5,31,8,29,0,0,0,0,0,0,0,0,0,0,0
Q15759,MAPK11 (p38β),57,21,19,0.26,2,36,19,11,0,0,0,0,0,0,0,0,0,0,0
P0C1S8,WEE2 (Wee1B),37,16,8,0.23,2,80,8,24,0,0,0,0,0,0,0,0,0,0,0
Q86SG6,NEK8,57,18,17,0.22,2,43,22,14,0,0,0,0,0,0,0,0,0,0,0
Q8IVT5,KSR1 (KSR),117,27,23,0.52,2,21,24,20,0,0,0,0,0,0,0,0,0,0,0
Q13043,STK4 (MST1),57,21,13,0.29,3,68,19,18,0,0,0,0,0,0,0,0,0,0,0
Q9HCP0,CSNK1G1 (CK1γ1),57,21,7,0.17,3,22,5,3,0,0,0,0,0,0,0,0,0,0,0
Q99570,PIK3R4,47,20,11,0.11,0,10,14,14,0,0,0,0,0,0,0,0,0,0,0
Q5S007,LRRK2,57,37,18,0.29,3,28,24,20,0,0,0,0,0,0,0,0,0,0,0
Q9Y259,CHKB,25,19,9,0.08,1,17,4,4,0,0,0,0,0,0,0,0,0,0,0
Q15772,SPEG-b (SPEG~b),37,15,10,0.3,1,31,10,21,0,0,0,0,0,0,0,0,0,0,0
O15264,MAPK13 (p38δ),47,12,10,0.17,0,8,7,5,0,0,0,0,0,0,0,0,0,0,0
P34947,GRK5,97,30,19,0.28,1,8,15,5,0,0,0,0,0,0,0,0,0,0,0
P22694,PRKACB (PKAβ),67,23,13,0.29,7,49,9,14,0,0,0,0,0,0,0,0,0,0,0
P11802,CDK4,25,19,13,0.17,2,92,29,30,0,0,0,0,0,0,0,0,0,0,0
P04049,RAF1,67,20,16,0.26,3,54,15,21,0,0,0,0,0,0,0,0,0,0,0
P42680,TEC,47,19,13,0.2,3,52,22,19,0,0,0,0,0,0,0,0,0,0,0
P34925,RYK,107,19,3,0.26,0,3,4,4,0,0,0,0,0,0,0,0,0,0,0
P36507,MAP2K2 (MEK2),57,21,9,0.18,0,18,2,9,0,0,0,0,0,0,0,0,0,0,0
Q9Y572,RIPK3,57,29,13,0.22,4,30,22,31,0,0,0,0,0,0,0,0,0,0,0
Q9NRP7,STK36 (Fused),97,18,7,0.36,5,21,5,5,0,0,0,0,0,0,0,0,0,0,0
P49840,GSK3A (GSK3α),57,26,8,0.2,2,7,4,8,0,0,0,0,0,0,0,0,0,0,0
P06241,FYN,77,30,4,0.22,2,16,2,4,0,0,0,0,0,0,0,0,0,0,0
Q99755,PIP5K1A,47,28,14,0.13,1,13,7,8,0,0,0,0,0,0,0,0,0,0,0
Q07912,TNK2 (Ack),47,25,9,0.18,4,27,6,7,0,0,0,0,0,0,0,0,0,0,0
P17948,FLT1,117,26,13,0.42,1,9,3,3,0,0,0,0,0,0,0,0,0,0,0
O14965,AURKA (AurA),77,48,19,0.2,8,24,18,19,0,0,0,0,0,0,0,0,0,0,0
P11362,FGFR1,107,27,24,0.45,2,25,14,16,0,0,0,0,0,0,0,0,0,0,0
Q13233,MAP3K1 (MEKK1),77,24,13,0.23,4,27,12,9,0,0,0,0,0,0,0,0,0,0,0
P50613,CDK7,117,26,26,0.42,0,36,23,16,0,0,0,0,0,0,0,0,0,0,0
Q96MK3,FAM20A,37,20,13,0.14,2,20,9,4,0,0,0,0,0,0,0,0,0,0,0
Q9BXM7,PINK1,97,45,11,0.26,2,23,14,12,0,0,0,0,0,0,0,0,0,0,0
Q02763,TEK (TIE2),107,25,20,0.3,0,29,16,14,0,0,0,0,0,0,0,0,0,0,0
P30291,WEE1,97,23,13,0.31,0,19,2,14,0,0,0,0,0,0,0,0,0,0,0
Q6ZMQ8,AATK (Lmr1),117,15,15,0.4,3,51,16,11,0,0,0,0,0,0,0,0,0,0,0
P21709,EPHA1,57,18,12,0.2,1,12,9,7,0,0,0,0,0,0,0,0,0,0,0
Q86UE8,TLK2,47,27,12,0.3,2,38,18,17,0,0,0,0,0,0,0,0,0,0,0
Q9UPZ9,ICK,87,20,17,0.33,2,24,11,5,0,0,0,0,0,0,0,0,0,0,0
Q9NWZ3,IRAK4,57,22,12,0.22,3,48,21,16,0,0,0,0,0,0,0,0,0,0,0
O95382,MAP3K6 (MEKK6),57,14,18,0.19,1,34,16,32,0,0,0,0,0,0,0,0,0,0,0
O75582,RPS6KA5-b (MSK1~b),47,23,12,0.36,1,50,25,11,0,0,0,0,0,0,0,0,0,0,0
Q13882,PTK6 (Brk),87,25,18,0.28,2,22,7,6,0,0,0,0,0,0,0,0,0,0,0
P78368,CSNK1G2 (CK1γ2),67,28,13,0.2,0,23,9,5,0,0,0,0,0,0,0,0,0,0,0
P42338,PIK3CB,77,32,25,0.25,3,29,14,14,0,0,0,0,0,0,0,0,0,0,0
Q16659,MAPK6 (Erk3),87,22,14,0.2,1,23,10,8,0,0,0,0,0,0,0,0,0,0,0
P54646,PRKAA2 (AMPKα2),57,17,15,0.41,1,33,18,17,0,0,0,0,0,0,0,0,0,0,0
Q9BTU6,PI4K2A,47,20,10,0.12,0,21,6,7,0,0,0,0,0,0,0,0,0,0,0
Q9Y616,IRAK3,87,20,19,0.24,3,35,12,17,0,0,0,0,0,0,0,0,0,0,0
Q9H792,PEAK1 (SgK269),37,22,10,0.25,7,35,14,37,0,0,0,0,0,0,0,0,0,0,0
Q8IU85,CAMK1D (CaMK1δ),127,22,13,0.41,2,45,13,19,0,0,0,0,0,0,0,0,0,0,0
Q9NYL2,MAP3K20 (ZAK),47,32,10,0.36,2,47,16,22,0,0,0,0,0,0,0,0,0,0,0
O14986,PIP5K1B,37,19,11,0.15,4,12,8,12,0,0,0,0,0,0,0,0,0,0,0
Q8IZL9,CDK20 (CCRK),97,14,14,0.3,1,23,10,20,0,0,0,0,0,0,0,0,0,0,0
O75676,RPS6KA4-b (MSK2~b),37,16,6,0.24,0,19,22,20,0,0,0,0,0,0,0,0,0,0,0
Q07002,CDK18 (PCTAIRE3),37,20,7,0.32,8,52,22,24,0,0,0,0,0,0,0,0,0,0,0
Q9HBY8,SGK2,97,22,18,0.27,1,29,16,7,0,0,0,0,0,0,0,0,0,0,0
Q86V86,PIM3,137,20,17,0.46,2,13,8,5,0,0,0,0,0,0,0,0,0,0,0
Q9UK32,RPS6KA6-b (RSK4~b),57,26,9,0.32,0,17,9,6,0,0,0,0,0,0,0,0,0,0,0
Q13163,MAP2K5,77,23,18,0.21,2,22,11,8,0,0,0,0,0,0,0,0,0,0,0
Q96PC2,IP6K3,87,16,17,0.26,1,17,7,8,0,0,0,0,0,0,0,0,0,0,0
Q8IY84,NIM1K (NIM1),87,18,8,0.21,1,14,7,2,0,0,0,0,0,0,0,0,0,0,0
O43683,BUB1,47,13,17,0.26,3,41,23,29,0,0,0,0,0,0,0,0,0,0,0
Q9NSY1,BMP2K (BIKE),57,17,12,0.16,1,13,15,29,0,0,0,0,0,0,0,0,0,0,0
Q9BYT3,STK33,67,19,15,0.26,5,39,7,10,0,0,0,0,0,0,0,0,0,0,0
O14578,CIT (CRIK),97,17,13,0.25,0,23,9,16,0,0,0,0,0,0,0,0,0,0,0
P06493,CDK1 (CDC2),57,44,14,0.19,0,19,7,13,0,0,0,0,0,0,0,0,0,0,0
Q9Y6E0,STK24 (MST3),57,19,15,0.45,3,36,13,15,0,0,0,0,0,0,0,0,0,0,0
Q9BYP7,WNK3,87,30,29,0.24,0,39,24,23,0,0,0,0,0,0,0,0,0,0,0
Q92551,IP6K1,87,24,23,0.46,2,38,18,12,0,0,0,0,0,0,0,0,0,0,0
P49761,CLK3,67,18,14,0.25,4,35,13,21,0,0,0,0,0,0,0,0,0,0,0
Q9BVL4,SELENOO,77,19,17,0.23,1,47,15,9,0,0,0,0,0,0,0,0,0,0,0
Q13976,PRKG1 (PKG1),127,24,26,0.47,1,26,11,13,0,0,0,0,0,0,0,0,0,0,0
Q9NYV4,CDK12 (CRK7),57,21,10,0.28,2,28,7,20,0,0,0,0,0,0,0,0,0,0,0
Q16671,AMHR2 (MISR2),57,13,9,0.33,4,71,27,12,0,0,0,0,0,0,0,0,0,0,0
P42345,MTOR (FRAP),57,52,16,0.46,5,31,21,40,0,0,0,0,0,0,0,0,0,0,0
Q6P2M8,PNCK (CaMK1β),97,21,9,0.29,1,23,2,6,0,0,0,0,0,0,0,0,0,0,0
Q9NRH2,SNRK,57,11,11,0.28,4,66,24,22,0,0,0,0,0,0,0,0,0,0,0
Q9UEE5,STK17A (DRAK1),97,23,15,0.4,2,35,14,10,0,0,0,0,0,0,0,0,0,0,0
Q13177,PAK2,57,22,17,0.35,2,38,37,28,0,0,0,0,0,0,0,0,0,0,0
Q9UQB9,AURKC (AurC),137,24,20,0.43,1,21,13,15,0,0,0,0,0,0,0,0,0,0,0
Q96Q04,LMTK3 (Lmr3),57,17,14,0.4,3,31,12,9,0,0,0,0,0,0,0,0,0,0,0
P0C263,SBK2 (SgK069),107,16,10,0.32,1,16,9,16,0,0,0,0,0,0,0,0,0,0,0
Q13535,ATR,87,49,21,0.47,4,19,15,20,0,0,0,0,0,0,0,0,0,0,0
P07332,FES,57,13,10,0.39,6,53,30,20,0,0,0,0,0,0,0,0,0,0,0
Q9HA64,FN3KRP,57,12,10,0.37,5,87,27,38,0,0,0,0,0,0,0,0,0,0,0
Q13557,CAMK2D (CaMK2δ),97,26,20,0.42,2,35,18,25,0,0,0,0,0,0,0,0,0,0,0
Q14004,CDK13 (CHED),57,0,17,0.37,5,41,15,26,0,0,0,0,0,0,0,0,0,0,0
Q6DT37,CDC42BPG (DMPK2),57,18,12,0.32,4,42,24,29,0,0,0,0,0,0,0,0,0,0,0
Q9H8X2,IPPK,107,18,20,0.39,2,30,21,16,0,0,0,0,0,0,0,0,0,0,0
P17612,PRKACA (PKAα),57,41,12,0.37,3,28,21,47,0,0,0,0,0,0,0,0,0,0,0
Q8TEA7,TBCK,57,25,8,0.31,1,22,6,8,0,0,0,0,0,0,0,0,0,0,0
P00519,ABL1 (Abl),57,12,15,0.57,2,34,16,20,0,0,0,0,0,0,0,0,0,0,0
P29376,LTK,57,25,10,0.38,4,31,16,26,0,0,0,0,0,0,0,0,0,0,0
O43318,MAP3K7 (TAK1),57,29,12,0.3,7,57,18,26,0,0,0,0,0,0,0,0,0,0,0
Q8NE28,STKLD1 (SgK071),67,5,22,0.19,3,32,20,28,0,0,0,0,0,0,0,0,0,0,0
Q96J92,WNK4,57,20,15,0.42,2,40,25,21,0,0,0,0,0,0,0,0,0,0,0
Q9UBE8,NLK,77,28,12,0.18,3,45,9,19,0,0,0,0,0,0,0,0,0,0,0
Q9UIK4,DAPK2,37,2,13,0.27,10,99,32,13,0,0,0,0,0,0,0,0,0,0,0
O00506,STK25 (YSK1),137,18,23,0.56,0,28,11,14,0,0,0,0,0,0,0,0,0,0,0
Q9Y6M4,CSNK1G3 (CK1γ3),47,18,15,0.16,0,18,7,7,0,0,0,0,0,0,0,0,0,0,0
Q9Y243,AKT3 (PKBγ),47,22,13,0.38,8,110,37,49,0,0,0,0,0,0,0,0,0,0,0
Q8IWB6,TEX14 (SgK307),57,15,11,0.34,5,50,16,18,0,0,0,0,0,0,0,0,0,0,0
P41743,PRKCI (PKCι),57,17,15,0.4,2,43,19,9,0,0,0,0,0,0,0,0,0,0,0
Q96Q40,CDK15 (PFTAIRE2),67,11,17,0.19,1,46,9,18,0,0,0,0,0,0,0,0,0,0,0
Q14680,MELK,67,24,14,0.46,3,37,15,14,0,0,0,0,0,0,0,0,0,0,0
Q6P3R8,NEK5,107,17,10,0.26,3,29,7,4,0,0,0,0,0,0,0,0,0,0,0
P51451,BLK,37,13,9,0.17,1,46,16,26,0,0,0,0,0,0,0,0,0,0,0
Q9NYY3,PLK2,107,16,15,0.26,1,37,17,13,0,0,0,0,0,0,0,0,0,0,0
Q9C0K7,STRADB (STLK6),77,14,8,0.2,0,9,1,4,0,0,0,0,0,0,0,0,0,0,0
P53350,PLK1,47,60,17,0.28,3,30,19,18,0,0,0,0,0,0,0,0,0,0,0
Q9H1R3,MYLK2 (skMLCK),117,31,26,0.35,2,41,12,14,0,0,0,0,0,0,0,0,0,0,0
P48729,CSNK1A1 (CK1α),137,37,20,0.51,2,28,13,10,0,0,0,0,0,0,0,0,0,0,0
Q6ZWH5,NEK10,47,18,8,0.39,8,56,14,21,0,0,0,0,0,0,0,0,0,0,0
Q6P3W7,SCYL2,37,17,9,0.12,3,13,10,8,0,0,0,0,0,0,0,0,0,0,0
O60566,BUB1B (BubR1),67,30,20,0.47,1,14,12,10,0,0,0,0,0,0,0,0,0,0,0
P16591,FER,57,16,7,0.17,0,24,21,19,0,0,0,0,0,0,0,0,0,0,0
P05771,PRKCB (PKCβ),37,15,8,0.24,1,30,6,9,0,0,0,0,0,0,0,0,0,0,0
Q9H2G2,SLK,47,18,9,0.41,2,48,20,23,0,0,0,0,0,0,0,0,0,0,0
Q6JQN1,ACAD10,57,11,8,0.32,7,39,12,6,0,0,0,0,0,0,0,0,0,0,0
P54764,EPHA4,107,19,23,0.47,3,20,20,15,0,0,0,0,0,0,0,0,0,0,0
Q96BR1,SGK3,47,14,14,0.35,1,39,13,13,0,0,0,0,0,0,0,0,0,0,0
Q8TCG2,PI4K2B,57,13,13,0.28,8,49,22,18,0,0,0,0,0,0,0,0,0,0,0
Q9Y2K2,SIK3 (QSK),187,25,27,0.64,4,34,13,19,0,0,0,0,0,0,0,0,0,0,0
Q32MK0,MYLK3 (caMLCK),67,16,19,0.67,5,29,23,26,0,0,0,0,0,0,0,0,0,0,0
P52564,MAP2K6 (MKK6),117,20,21,0.51,1,14,9,6,0,0,0,0,0,0,0,0,0,0,0
O43353,RIPK2,47,32,9,0.32,0,65,19,28,0,0,0,0,0,0,0,0,0,0,0
Q86YV6,MYLK4 (SgK085),47,9,18,0.17,7,86,24,29,0,0,0,0,0,0,0,0,0,0,0
Q2M2I8,AAK1,57,25,14,0.45,3,44,21,24,0,0,0,0,0,0,0,0,0,0,0
Q13153,PAK1,137,34,29,0.53,5,38,27,13,0,0,0,0,0,0,0,0,0,0,0
P08922,ROS1 (Ros),87,0,12,0.48,9,50,21,22,0,0,0,0,0,0,0,0,0,0,0
Q9NY57,STK32B (YANK2),147,17,11,0.55,6,30,11,4,0,0,0,0,0,0,0,0,0,0,0
P43405,SYK,267,38,28,0.75,0,14,6,7,0,0,0,0,0,0,0,0,0,0,0
Q16539,MAPK14 (p38α),37,20,12,0.19,2,24,21,13,0,0,0,0,0,0,0,0,0,0,0
Q16620,NTRK2 (TRKB),57,17,6,0.38,2,38,17,28,0,0,0,0,0,0,0,0,0,0,0
Q9Y5S2,CDC42BPB (MRCKβ),77,20,10,0.43,0,22,18,20,0,0,0,0,0,0,0,0,0,0,0
O43187,IRAK2,97,15,36,0.31,2,56,29,20,0,0,0,0,0,0,0,0,0,0,0
Q9UHD2,TBK1,57,41,14,0.3,0,34,26,26,0,0,0,0,0,0,0,0,0,0,0
Q6SA08,TSSK4,57,12,6,0.26,3,48,11,13,0,0,0,0,0,0,0,0,0,0,0
Q7RTN6,STRADA (STLK5),47,16,11,0.33,1,26,19,25,0,0,0,0,0,0,0,0,0,0,0
P21860,ERBB3 (HER3),57,17,20,0.2,10,32,22,33,0,0,0,0,0,0,0,0,0,0,0
P27037,ACVR2A (ACtR2),37,9,11,0.17,5,76,32,15,0,0,0,0,0,0,0,0,0,0,0
Q96PY6,NEK1,57,18,12,0.36,5,48,26,23,0,0,0,0,0,0,0,0,0,0,0
Q9NSY0,NRBP2,57,7,9,0.48,3,23,17,6,0,0,0,0,0,0,0,0,0,0,0
Q8TF76,HASPIN,107,19,18,0.48,5,28,10,23,0,0,0,0,0,0,0,0,0,0,0
O75116,ROCK2,57,21,16,0.39,2,49,10,10,0,0,0,0,0,0,0,0,0,0,0
Q709F0,ACAD11,57,12,7,0.4,6,47,21,22,0,0,0,0,0,0,0,0,0,0,0
P27987,ITPKB,47,15,10,0.31,1,23,23,20,0,0,0,0,0,0,0,0,0,0,0
O43283,MAP3K13 (LZK),87,18,13,0.29,2,11,5,9,0,0,0,0,0,0,0,0,0,0,0
Q9HAZ1,CLK4,57,23,11,0.42,3,51,18,20,0,0,0,0,0,0,0,0,0,0,0
P04626,ERBB2 (HER2),37,17,15,0.19,2,55,23,21,0,0,0,0,0,0,0,0,0,0,0
Q9Y2H9,MAST1,57,12,5,0.47,3,45,20,22,0,0,0,0,0,0,0,0,0,0,0
P45984,MAPK9 (JNK2),37,31,12,0.21,2,18,20,10,0,0,0,0,0,0,0,0,0,0,0
Q59H18,TNNI3K (HH498),57,17,11,0.32,3,17,13,11,0,0,0,0,0,0,0,0,0,0,0
O94921,CDK14 (PFTAIRE1),25,5,2,0.18,0,20,9,13,0,0,0,0,0,0,0,0,0,0,0
Q9H422,HIPK3,25,11,6,0.07,3,27,6,5,0,0,0,0,0,0,0,0,0,0,0
Q96QS6,PSKH2,25,7,6,0.07,1,19,3,5,0,0,0,0,0,0,0,0,0,0,0
Q96QP1,ALPK1 (AlphaK1),87,36,15,0.29,11,23,20,23,0,0,0,0,0,0,0,0,0,0,0
Q86TB3,ALPK2 (AlphaK2),57,4,8,0.28,6,59,18,24,0,0,0,0,0,0,0,0,0,0,0
Q8NFU5,IPMK,107,27,20,0.48,2,45,20,18,0,0,0,0,0,0,0,0,0,0,0
Q7KZI7,MARK2,97,26,24,0.36,2,45,21,12,0,0,0,0,0,0,0,0,0,0,0
Q8WTQ7,GRK7,47,15,17,0.26,1,43,24,20,0,0,0,0,0,0,0,0,0,0,0
Q8NEV4,MYO3A,47,18,9,0.29,4,19,25,18,0,0,0,0,0,0,0,0,0,0,0
Q9Y2H1,STK38L (NDR2),67,28,13,0.3,2,13,9,7,0,0,0,0,0,0,0,0,0,0,0
Q96PN8,TSSK3,57,13,4,0.29,1,39,4,17,0,0,0,0,0,0,0,0,0,0,0
